1,Colette,Acock,Female,Sweden,42
2,Avril,Kunkel,Female,Czech Republic,20
3,Anna,Lippitt,Female,Israel,34
4,Fayth,Ellis,Female,Argentina,37
5,Fredra,Hassent,Female,Indonesia,19
6,Shermie,Smedmore,Male,Liberia,36
7,Herculie,Presswell,Male,Ukraine,20
8,Morgan,Patriskson,Male,China,29
9,Mabel,Soro,Bigender,China,65
10,Bonnibelle,Clemett,Female,Egypt,45
11,Tomasine,Pawden,Female,Portugal,50
12,Dara,Matuskiewicz,Female,Indonesia,26
13,Binnie,Nation,Female,Indonesia,27
14,Florence,Self,Female,China,24
15,Phillipp,Rushbrook,Male,China,61
16,Esme,Pantridge,Female,Dominican Republic,61
17,Parrnell,Kauble,Male,Colombia,56
18,Willette,Zimmermanns,Female,Indonesia,22
19,Barbie,Deverose,Female,Poland,18
20,Lian,Willden,Agender,Poland,49
21,Fabe,Wiley,Male,Denmark,25
22,Christos,Hutson,Genderqueer,Portugal,51
23,Sky,Overland,Male,Croatia,33
24,Dallis,Falkous,Male,Mexico,56
25,Boycey,Bradie,Male,Philippines,29
26,Adriano,McLuckie,Genderqueer,China,65
27,Lotti,Tomasik,Female,Japan,18
28,Emmet,Pavett,Male,Poland,56
29,Corella,Kersley,Female,Peru,65
30,Matt,Gilford,Male,Portugal,49
31,Tricia,Thing,Female,Russia,65
32,Rosie,McFarlane,Female,Philippines,51
33,Charmine,Nisby,Female,Portugal,58
34,Paola,Kissick,Polygender,Indonesia,54
35,Heida,Emmatt,Female,Indonesia,28
36,Kirsten,Craydon,Female,Honduras,42
37,Sidonnie,Postles,Female,Indonesia,21
38,Eberto,Fillingham,Polygender,Thailand,49
39,Malena,Overpool,Female,Honduras,61
40,Maximilian,McAlroy,Male,Indonesia,22
41,Sheba,Darinton,Female,Syria,54
42,Olenka,Hazeldene,Female,China,60
43,Sofia,Guys,Female,China,46
44,Tomasina,Belsey,Female,Gambia,53
45,Ingeberg,Smidmore,Female,Portugal,44
46,Isahella,Izkovici,Female,China,23
47,Brett,Atlee,Female,Canada,56
48,Michelina,Wooland,Bigender,United States,61
49,Terrel,Benoix,Male,Greece,20
50,Bartolomeo,Mutter,Genderqueer,Poland,63
51,Zacharias,Sporgeon,Male,Kenya,44
52,Adan,Maulkin,Male,China,59
53,Lyda,Thrussell,Female,Palestinian Territory,30
54,Jodie,Watmough,Genderqueer,China,34
55,Deeann,Blodgetts,Female,Vietnam,39
56,Homerus,Landor,Male,China,38
57,Darell,Hessle,Female,Indonesia,55
58,Trip,Fardo,Male,Armenia,55
59,Gareth,Halso,Male,China,20
60,Delcine,Mangenet,Female,Czech Republic,55
61,Erasmus,Sarsons,Male,Philippines,44
62,Kali,Slyne,Female,Ukraine,54
63,Janette,Imos,Female,Philippines,62
64,Midge,Livingston,Female,Portugal,48
65,William,Brigham,Male,China,50
66,Silva,Dealtry,Female,Czech Republic,21
67,Merridie,Marnes,Female,Russia,27
68,Matthaeus,Ruddick,Male,Austria,32
69,Edy,Cradick,Female,Vietnam,46
70,Elset,Stigell,Female,Niger,46
71,Garth,Rosita,Male,Croatia,23
72,Mason,Haselden,Male,China,44
73,Verna,Docherty,Female,Tunisia,59
74,Lanny,Gransden,Bigender,Argentina,54
75,Serene,Shewring,Female,Poland,21
76,Jarrod,Gommey,Male,Russia,48
77,Bobbette,Flaunier,Female,China,19
78,Abby,Adamovicz,Male,China,58
79,Mahmud,Geke,Male,Ukraine,47
80,Lynne,Diano,Female,Canada,43
81,Maurise,De Mattei,Female,Argentina,34
82,Alaine,Gillcrist,Female,Russia,36
83,Saundra,De Ruggero,Bigender,Guatemala,44
84,Wilmer,Ranaghan,Male,China,22
85,Dov,Loxly,Male,Poland,51
86,Dyann,Emney,Female,South Africa,33
87,Murdoch,Shorbrook,Male,Japan,53
88,Dana,Quilkin,Male,Uganda,40
89,Jilly,Jolliffe,Female,Russia,24
90,Demott,Hattam,Male,France,65
91,Taddeusz,Bloxland,Male,Indonesia,63
92,Eliot,Collcott,Male,China,25
93,Judi,Davall,Female,Iraq,34
94,Caye,Hupe,Female,Bulgaria,18
95,Corbet,Elliker,Male,Philippines,20
96,Patrick,Gaenor,Male,Russia,29
97,Wrennie,Norley,Female,New Zealand,18
98,Myriam,Dymidowicz,Genderfluid,China,40
99,Mathe,Chaman,Male,Philippines,46
100,Kip,Conner,Male,Canada,32
101,Ralf,Doddemeede,Male,Portugal,57
102,Kissee,Simionato,Female,Russia,39
103,Teodorico,Whatford,Male,China,58
104,Keefer,Clilverd,Genderqueer,Peru,51
105,Bordy,Azema,Male,Indonesia,53
106,Zebedee,Devons,Male,China,65
107,Collete,Crighton,Female,Brazil,52
108,Gilles,Pero,Male,Philippines,52
109,Phil,Ralls,Genderfluid,Indonesia,34
110,Clarissa,Rosencrantz,Agender,Myanmar,27
111,Estel,Lunge,Female,Philippines,52
112,Gabriello,Rosi,Male,Indonesia,29
113,Clarke,Draijer,Genderqueer,Kuwait,48
114,Yurik,O'Kinneally,Male,China,31
115,Osborn,Josse,Genderqueer,Poland,58
116,Mozes,Treadaway,Male,Uzbekistan,44
117,Ibbie,Langer,Female,China,27
118,Matthias,Mannooch,Male,China,45
119,Marie-ann,Pharrow,Female,Bulgaria,48
120,Walliw,Horche,Female,Philippines,55
121,Vivi,Biddy,Female,Ukraine,19
122,Shae,Leathem,Male,Albania,24
123,Maximilien,Agney,Male,Iran,60
124,Janela,Doole,Female,China,48
125,Rebeca,Rooze,Non-binary,Russia,63
126,Llewellyn,Fleckney,Male,Sweden,59
127,Clair,Lillecrop,Male,Portugal,56
128,Gisela,Hiom,Female,Malaysia,64
129,Doloritas,Ledford,Female,Armenia,43
130,Delila,Petrashov,Female,Moldova,58
131,Irwinn,Fry,Male,China,60
132,Catharine,Sywell,Female,Brazil,19
133,Theo,Sarre,Bigender,Norway,59
134,Marlo,Hamlen,Male,Indonesia,41
135,Teodorico,Trevena,Male,South Korea,29
136,Pieter,Morewood,Male,China,53
137,Quinlan,Drysdall,Male,Russia,54
138,Timothee,Vlasenko,Male,Brazil,41
139,Janos,Kirtley,Male,Spain,23
140,Klarrisa,Whordley,Female,Cuba,41
141,Llywellyn,Cuttler,Male,China,38
142,Gillian,Recher,Female,Netherlands,44
143,Sheelah,Struan,Female,Indonesia,60
144,Rhodie,Lansdowne,Agender,China,63
145,Sergei,Wayvill,Male,Portugal,39
146,Bonni,Lipson,Female,Brazil,43
147,Sax,Walisiak,Genderfluid,Brazil,45
148,Augusta,Yoslowitz,Female,Norway,46
149,Linell,Horsefield,Female,Malta,22
150,Michel,Eyeington,Female,Croatia,54
151,Kylie,Gullam,Male,China,61
152,Elsey,McOrkil,Female,China,36
153,Leroi,Pole,Male,China,61
154,Jenni,Tritten,Female,China,41
155,Gwenora,Lethby,Female,Brazil,65
156,Renell,Annable,Female,Ukraine,40
157,Troy,Strahan,Male,China,55
158,Kit,Plumb,Genderfluid,Malaysia,49
159,Niko,Jammes,Male,Philippines,38
160,Gerek,Halwill,Male,Niger,57
161,Link,Barten,Male,Saudi Arabia,43
162,Shay,Skittles,Male,France,25
163,West,Liley,Male,Sweden,62
164,Rodina,McFayden,Female,Japan,26
165,Kalindi,Considine,Genderfluid,Cuba,62
166,Nanete,Sacase,Female,Philippines,57
167,Purcell,Dowdell,Male,China,41
168,Shaylah,Coggeshall,Female,Ukraine,54
169,Kerstin,Megroff,Female,Philippines,62
170,Lily,Wollrauch,Female,Indonesia,34
171,Etty,Aindriu,Agender,Sweden,55
172,Danila,Domanski,Female,Ukraine,55
173,Elsbeth,Castanie,Non-binary,Madagascar,46
174,Cecile,Clee,Female,Russia,31
175,Ben,Milius,Male,Russia,40
176,Zena,Curson,Female,Panama,41
177,Sebastiano,Malden,Male,Poland,36
178,Charlotte,Bondesen,Female,Japan,21
179,Glennie,Blaxton,Agender,Russia,36
180,Cristionna,Lofts,Female,China,24
181,Herc,Cocker,Bigender,Brazil,58
182,Inge,Banville,Female,France,20
183,Morris,Longthorne,Male,China,43
184,Ralph,Thomke,Male,Russia,42
185,Charlotta,Harford,Female,Ukraine,48
186,Martynne,Barns,Female,Thailand,29
187,Raffaello,Dyshart,Male,Cape Verde,60
188,Toiboid,Rotte,Male,France,25
189,Erwin,Newiss,Male,Poland,24
190,Julieta,Widdowfield,Female,Albania,61
191,Elka,Marchetti,Female,Ivory Coast,27
192,Lorilyn,Esland,Female,France,45
193,Genevieve,Bensley,Female,Ukraine,60
194,Brody,Wythe,Genderfluid,Croatia,51
195,Benni,Ghiriardelli,Female,China,48
196,Isidora,Chatters,Female,Brazil,56
197,Donni,Mc Grath,Female,Poland,48
198,Gerti,Berthod,Agender,China,59
199,Jerad,MacDwyer,Male,China,34
200,Moise,Clague,Non-binary,Indonesia,31
201,Marline,Busain,Female,Slovenia,25
202,Emyle,Huguenet,Female,China,52
203,Hermann,Udey,Male,United States,64
204,Eldin,Rodolf,Male,France,21
205,Justus,Prenty,Polygender,Peru,53
206,Lucien,Raimbauld,Male,Czech Republic,35
207,Timotheus,Minton,Male,Indonesia,40
208,Chrotoem,Rizzardo,Male,Ethiopia,56
209,Kellby,Hatliff,Male,Poland,57
210,Adriaens,Babar,Female,Indonesia,38
211,Magdalen,Machel,Female,China,39
212,Etta,Iiannone,Female,Indonesia,28
213,Chrissie,Potteridge,Male,Ghana,23
214,Perri,Ascraft,Female,Pakistan,25
215,Erskine,Durante,Male,Russia,32
216,Gunther,Darlasson,Male,Indonesia,53
217,Sib,Krysiak,Genderfluid,Indonesia,52
218,Vladamir,Huebner,Male,China,56
219,Arvie,Jacobowits,Non-binary,Philippines,42
220,Abdul,Snare,Male,Thailand,53
221,Tremayne,Lintot,Male,Philippines,59
222,Brocky,Gurry,Male,Canada,48
223,Polly,Spridgen,Female,Colombia,32
224,Marysa,Bloodworthe,Female,Israel,37
225,Nathanael,Cardinale,Male,China,57
226,Lucina,Brosenius,Female,Vietnam,41
227,Cullie,Jacquemot,Male,China,47
228,Rikki,Di Ruggiero,Agender,Czech Republic,65
229,Joyan,Howsden,Female,Indonesia,22
230,Zacherie,Fills,Male,Philippines,44
231,Dorine,Lodewick,Female,Russia,18
232,Barnabas,Lobley,Male,Indonesia,39
233,Janessa,Casarili,Female,Brazil,39
234,Dene,Bawme,Male,Bulgaria,38
235,Fawne,Cruddas,Female,Colombia,19
236,Gerick,Petrenko,Male,Philippines,50
237,Dickie,Cambling,Male,France,44
238,Clarine,Forsythe,Female,China,20
239,Ellynn,Dowrey,Female,Indonesia,57
240,Bette-ann,Gummie,Female,Cameroon,58
241,Olia,Graalmans,Female,Indonesia,36
242,Melanie,Fullstone,Female,Russia,31
243,Evey,Bragginton,Female,Costa Rica,18
244,Kass,Pessolt,Female,China,42
245,Cullie,Ridley,Male,Vietnam,38
246,Blinny,Charleston,Female,Brazil,51
247,Edmon,Aimer,Male,Iceland,24
248,Paige,Kopisch,Male,Argentina,33
249,Austina,Ivanichev,Female,Indonesia,36
250,Rufus,Bootell,Male,Pakistan,61
251,Lisabeth,Rudall,Female,Albania,55
252,Yance,Thunnercliffe,Male,Indonesia,55
253,Latashia,Sowden,Female,China,21
254,Tess,Habbijam,Female,China,62
255,Chad,Round,Male,Germany,50
256,Ophelia,Greim,Female,Indonesia,58
257,Traver,Teall,Male,Slovenia,35
258,Gordie,Brugh,Male,Indonesia,30
259,Kissie,Rosenfeld,Female,China,25
260,Karin,Schafer,Female,Sweden,28
261,Frannie,Boise,Male,Thailand,58
262,Chrystel,Bligh,Non-binary,Argentina,44
263,Brendan,Bingham,Male,Azerbaijan,45
264,Eliot,Celler,Male,China,28
265,Iorgo,Oglevie,Male,Peru,57
266,Ambrosio,Ladbury,Male,Greece,25
267,Veronica,Tompion,Female,Vietnam,57
268,Abner,Thiem,Male,Philippines,31
269,Maison,Huey,Male,Brazil,58
270,Kenneth,Gorcke,Male,Indonesia,52
271,Mickie,De Vere,Female,Moldova,56
272,Quincey,Barti,Male,Brazil,53
273,Beverie,Gatesman,Female,Philippines,59
274,Krystyna,Fancet,Female,Indonesia,64
275,Anatollo,Garces,Male,Sweden,29
276,Bernelle,Lenihan,Female,Poland,49
277,Dody,Kinnier,Female,China,24
278,Royal,Vize,Male,Colombia,45
279,Vernon,Palatini,Male,Indonesia,48
280,Johan,Kiwitz,Male,Vietnam,45
281,Petronille,Chasles,Female,China,40
282,Janice,Saltwell,Female,Belarus,49
283,Iver,Chapman,Male,Brazil,24
284,Ashby,Bastone,Male,Brazil,46
285,Tierney,Denyagin,Female,Indonesia,63
286,Fredrika,Syne,Female,Portugal,32
287,Jeromy,Guiot,Male,Poland,33
288,Jehu,Videler,Male,Belarus,56
289,Nikaniki,McDarmid,Female,Portugal,54
290,Leroy,Gookes,Male,Indonesia,41
291,Rockie,Greenless,Male,Costa Rica,41
292,Abe,Battabee,Male,Philippines,45
293,Weston,Jeayes,Male,China,39
294,Upton,Patemore,Male,Brazil,24
295,Elsa,Shotboulte,Female,Philippines,51
296,Yuri,Tetsall,Male,Indonesia,35
297,Engelbert,Burburough,Male,Poland,25
298,Dewitt,Pegrum,Male,Greece,20
299,Junette,Nunan,Female,Indonesia,37
300,Sherline,Branscombe,Female,Canada,28
301,Alejandrina,Hethron,Female,Indonesia,57
302,Angelita,Drache,Female,Portugal,44
303,Nicole,Lansly,Female,Sweden,52
304,Rey,Staples,Male,China,43
305,Terese,Semrad,Female,Indonesia,31
306,Quinta,Gilyatt,Female,China,25
307,Xavier,Dupoy,Male,Colombia,50
308,Willie,Giffon,Male,Yemen,31
309,Iver,Dresche,Male,Tunisia,61
310,Darcy,Cristou,Female,Zambia,60
311,Mitchell,Baines,Agender,Sri Lanka,54
312,Shawn,Chasney,Female,South Africa,55
313,Tybie,Torbett,Female,Brazil,47
314,Edan,Cornfoot,Male,China,59
315,Janene,Hanmore,Female,Yemen,45
316,Melinda,Cano,Female,Indonesia,41
317,Darci,Bogue,Female,United States,46
318,Sebastien,Matchell,Male,Bolivia,18
319,Bradford,Benson,Male,Indonesia,41
320,Mikkel,Chapelle,Male,Ukraine,25
321,Dorian,Schulken,Female,Ukraine,58
322,Pennie,Cabotto,Male,Serbia,61
323,Teresina,McCrone,Female,Poland,51
324,Jermain,Lewty,Male,Israel,20
325,Craggie,Robinette,Male,Czech Republic,54
326,Marco,Matyushkin,Male,Anguilla,25
327,Burl,Bawcock,Polygender,Turkmenistan,32
328,Kamillah,Hatherleigh,Female,China,43
329,Flo,Kingsly,Female,Luxembourg,35
330,Micki,Brockhouse,Female,French Polynesia,41
331,Tobe,Loveland,Male,Philippines,25
332,Tobe,Primak,Female,Uruguay,52
333,Carey,Huckabe,Genderqueer,Russia,61
334,Rab,Gregr,Male,Indonesia,23
335,Cody,Bows,Female,Philippines,23
336,Melodee,Bauman,Female,Thailand,50
337,Evered,Mauchlen,Male,Bhutan,45
338,Blanca,Harkin,Non-binary,Indonesia,34
339,Robenia,Harrowsmith,Female,China,59
340,Hagen,Condit,Male,Nigeria,44
341,Ernst,Roberts,Male,Mexico,32
342,Anton,Pfeuffer,Male,Indonesia,57
343,Zelig,Sorrie,Male,Indonesia,59
344,Aloise,Hambelton,Polygender,China,34
345,Katalin,Shawcroft,Female,Indonesia,60
346,Avram,Cox,Male,Indonesia,64
347,Broderick,Scoggan,Male,China,34
348,Gray,Stanier,Male,Colombia,24
349,Ethelyn,Joder,Female,Canada,48
350,Cullen,Du Pre,Male,Indonesia,64
351,Vivie,Ofer,Female,Thailand,51
352,Damaris,Redholls,Female,Portugal,54
353,Britta,Troughton,Female,China,47
354,Gustavo,Hadgraft,Male,Poland,56
355,Ina,Lindwall,Female,Russia,42
356,Del,Spedding,Male,Russia,36
357,Merrick,Mercik,Male,Trinidad and Tobago,63
358,Kenyon,Dykas,Male,Kazakhstan,32
359,Heloise,Grishakin,Female,Indonesia,64
360,Anne,Degoix,Female,Portugal,58
361,Thornton,Crosseland,Male,United States,42
362,Jakie,Kolakowski,Male,Sweden,57
363,Marshal,Boyse,Male,Philippines,59
364,Blakeley,Dingley,Female,China,52
365,Otto,Juares,Male,Lithuania,37
366,Sheila,Woofendell,Female,India,38
367,Ursuline,Gouldeby,Female,Ethiopia,63
368,Godfrey,Piccop,Male,Russia,60
369,Jeremie,Anthony,Male,Russia,56
370,Valeria,St. John,Female,Ukraine,31
371,Stephannie,Snowsill,Female,Madagascar,57
372,Halley,Slipper,Female,United Kingdom,18
373,Izaak,Rossbrook,Male,China,45
374,Merell,Schoffler,Male,Ukraine,38
375,Lynnet,Kleinplac,Female,Indonesia,30
376,Billie,Shave,Female,Czech Republic,51
377,Bruce,Purches,Male,Armenia,63
378,Goober,Klimp,Male,Finland,36
379,Jackqueline,Gladdis,Female,Thailand,18
380,Stace,Boakes,Female,Colombia,59
381,Lefty,Strangeway,Male,Poland,29
382,Ivory,Tapp,Female,Poland,59
383,Lira,Willshee,Female,Russia,62
384,Valera,Dongles,Female,Colombia,56
385,Gerta,Jack,Genderfluid,Sweden,30
386,Derron,Roget,Male,Czech Republic,34
387,Doy,Tingley,Male,Colombia,58
388,Clywd,Mawdsley,Male,Sweden,62
389,Cordey,Bosomworth,Female,China,55
390,Ingra,Yerrall,Male,Thailand,18
391,Royall,Thowes,Male,China,25
392,Reade,Bracegirdle,Male,Cuba,65
393,Kerri,Waplinton,Female,China,36
394,Bobbe,Hulmes,Female,Albania,50
395,Toiboid,Offer,Male,Philippines,45
396,Morena,Beetles,Female,Brazil,61
397,Jarrod,Lasselle,Male,Vietnam,35
398,Stavro,Akehurst,Male,Croatia,24
399,Ermina,Rivaland,Female,South Korea,34
400,Thurstan,Giblett,Male,Greece,23
401,Kenon,Keogh,Genderfluid,China,43
402,Boy,Hamsley,Male,Portugal,34
403,Isac,Hoovart,Male,China,26
404,Greta,Atcherley,Female,Nicaragua,44
405,Ewen,Vasyushkhin,Male,Cuba,65
406,Florian,Tradewell,Male,Albania,21
407,Reuben,Muddicliffe,Male,Belarus,47
408,Pearce,Audry,Male,China,36
409,Cooper,Cuffley,Male,Philippines,24
410,Fredericka,Pitblado,Female,Bolivia,63
411,Paddie,Johanning,Male,Japan,45
412,Ford,Uwins,Genderfluid,Philippines,35
413,Caty,Carse,Female,Kazakhstan,60
414,Pearla,Athersmith,Female,Portugal,41
415,Linda,Ciobutaru,Female,Bosnia and Herzegovina,47
416,Homerus,Legges,Male,Portugal,42
417,Sidney,Pattie,Male,Peru,30
418,Arron,Polgreen,Male,China,52
419,Albie,Coaten,Male,Ireland,64
420,Sheffield,Pruvost,Male,China,43
421,Rock,Pragnall,Male,Portugal,18
422,Corie,Shayler,Female,Philippines,46
423,Jermayne,Whistan,Male,Burkina Faso,51
424,Dalli,Fashion,Male,Canada,28
425,Wes,Pooly,Agender,United States,28
426,Julieta,Voisey,Genderfluid,China,21
427,Gayle,Barnett,Male,Russia,48
428,Andonis,Kerfoot,Male,Japan,47
429,Michelina,Jaqueme,Female,China,51
430,Read,Clayton,Male,Indonesia,63
431,Wait,Obeney,Male,France,55
432,Harriette,Cormack,Female,Afghanistan,25
433,Pat,Bruster,Non-binary,France,30
434,Valera,Holley,Female,China,42
435,Kathryne,Longmire,Female,China,30
436,Carlene,Tarbin,Female,Thailand,43
437,Rafaello,Ronisch,Male,Egypt,36
438,Johannah,Raddon,Non-binary,China,49
439,Vincenz,Bezley,Male,Canada,61
440,Devondra,Clarage,Female,Morocco,37
441,Bill,Poundesford,Genderqueer,China,26
442,Clint,Heaffey,Male,Indonesia,46
443,Odelle,Schimmang,Female,China,61
444,Lisha,Mardlin,Female,Russia,45
445,Amalea,Obal,Female,United States,40
446,Gertrude,Trevithick,Female,Peru,41
447,Slade,Kimmings,Male,Japan,40
448,Ardyth,Zima,Female,China,50
449,Lauren,Barrick,Male,China,47
450,Leta,Bastistini,Female,Indonesia,33
451,Arden,Postan,Female,China,39
452,Sonnie,Cronin,Male,China,23
453,Earlie,Otto,Male,China,34
454,Edd,Hayers,Male,China,50
455,Iorgo,McCloud,Male,Russia,23
456,Antonia,McDermott-Row,Genderfluid,Sweden,56
457,Kathy,Blampey,Female,China,32
458,Carolan,McDyer,Female,China,43
459,Anthony,Belliveau,Male,Philippines,37
460,Konrad,Rainon,Male,Portugal,45
461,Gianina,Gascar,Female,Japan,18
462,Bernadene,Rainon,Female,Malta,64
463,Any,Laetham,Male,Brazil,35
464,Marylou,Rowly,Female,Portugal,39
465,Hubey,Edwicker,Male,Philippines,22
466,Byran,MacGillespie,Male,Philippines,20
467,Bary,Avrahamov,Male,Haiti,41
468,Sascha,Dykins,Male,France,57
469,Roarke,Spedding,Male,Kosovo,61
470,Dorise,Cullrford,Female,Indonesia,29
471,Dierdre,Hazart,Female,Philippines,57
472,Jenna,Rameaux,Female,Indonesia,65
473,Son,Gillooly,Male,Indonesia,49
474,Cassey,Bartolommeo,Female,China,35
475,Anatollo,Sherringham,Male,Costa Rica,55
476,Gabrielle,Christofides,Female,Honduras,58
477,Berti,MacLaughlin,Female,China,26
478,Hayyim,Dring,Male,Saudi Arabia,51
479,Willis,Ardy,Male,Ukraine,53
480,Gabbie,Medling,Polygender,Philippines,28
481,Ev,Senett,Male,Croatia,29
482,Maia,Jessope,Female,Russia,24
483,Dalli,Giorgeschi,Male,China,44
484,Josi,Blyde,Female,China,38
485,Donnell,Di Matteo,Male,Chile,58
486,Alica,Longfoot,Female,Canada,58
487,Winfield,Varty,Male,Philippines,52
488,Malvin,Wallas,Male,Cuba,57
489,Mordy,Seagrove,Male,Peru,54
490,Christina,Mation,Female,Botswana,27
491,Silva,Bolton,Female,China,47
492,Engracia,Tomasik,Female,Poland,63
493,Kermie,Pendleton,Male,Peru,49
494,Marlowe,Collinson,Male,Poland,25
495,Emile,Verbeke,Male,Spain,37
496,Mackenzie,Sambath,Male,North Korea,59
497,Etti,MacKaile,Female,China,33
498,Osbert,Speed,Male,Paraguay,53
499,Ethel,Sheal,Female,Russia,34
500,Belia,St. Queintain,Bigender,Greenland,38
501,Wenda,Mingasson,Female,Afghanistan,61
502,Bayard,Court,Male,China,58
503,Grissel,Labrow,Female,Vietnam,51
504,Godwin,Plott,Male,Venezuela,37
505,Barthel,Oloman,Male,China,38
506,Costa,Hourihane,Male,Argentina,27
507,Danica,Maryman,Female,Norway,53
508,Arnaldo,Wickliffe,Male,Indonesia,50
509,Rube,Pirt,Male,Poland,50
510,Dougy,Darthe,Male,Brazil,35
511,Brenda,Baudouin,Female,Gambia,47
512,Ame,Fardon,Bigender,Reunion,50
513,Gretta,Bester,Female,Brazil,22
514,Sondra,Cockitt,Polygender,Japan,41
515,Somerset,Benettini,Male,Ukraine,18
516,Tomlin,Poulter,Male,Russia,28
517,Mirna,Blondel,Female,Indonesia,52
518,Clem,Flatte,Agender,Honduras,35
519,Ara,Bott,Male,United States,22
520,Patrizio,Farndale,Male,Uruguay,52
521,Vivianne,Maycey,Female,Indonesia,43
522,Calida,Stamps,Female,Argentina,22
523,Debra,Dunkerly,Female,China,58
524,Auguste,Geck,Female,Thailand,48
525,Irene,Nodin,Female,Poland,23
526,Cosimo,Zammett,Male,Indonesia,21
527,Chickie,Redhole,Male,Israel,60
528,Aristotle,Taffley,Male,Spain,57
529,Adlai,Parkhouse,Male,Brazil,63
530,Lulu,Pendre,Polygender,Palestinian Territory,52
531,Barret,Woodage,Male,Poland,59
532,Claus,Widmoor,Male,Indonesia,36
533,Webster,Januszkiewicz,Male,China,54
534,Demott,Hanshawe,Male,Indonesia,65
535,Carmelle,Wafer,Female,United States,60
536,Brita,Melliard,Female,France,49
537,Gael,Willcott,Female,Indonesia,52
538,Tova,Bedome,Female,Nigeria,19
539,Onfre,Brister,Male,Afghanistan,54
540,Dwight,Sollars,Male,Russia,32
541,Lennard,Pacheco,Male,Tanzania,52
542,Kingsly,Gherarducci,Male,Brazil,37
543,Nickie,Crowley,Female,Sweden,32
544,Maxy,Antonin,Female,Greece,59
545,Monah,Garfitt,Non-binary,Slovenia,62
546,Peterus,Josskoviz,Male,Albania,20
547,Ilise,Byram,Genderfluid,Syria,55
548,Gregoor,Spalton,Male,Ukraine,58
549,Koressa,Caulcutt,Female,Portugal,42
550,Mariann,Sandcraft,Bigender,Ukraine,52
551,Gifford,Ianelli,Male,Ukraine,43
552,Batholomew,McFarland,Male,Venezuela,52
553,Dunc,Doohan,Male,Colombia,19
554,Hanan,Hallin,Male,China,46
555,Jannel,Caldera,Female,Canada,49
556,Jolynn,Beyne,Female,Indonesia,39
557,Terri,Wentworth,Male,Mongolia,41
558,Lee,Goodyear,Male,Thailand,57
559,Cchaddie,Tabard,Male,Ukraine,32
560,Saudra,Lishman,Female,Vanuatu,48
561,Brendon,Guillon,Male,Malaysia,40
562,Redd,McDool,Male,Thailand,22
563,Lezley,Dayton,Male,Russia,42
564,Gonzales,Garforth,Male,France,41
565,Nicolette,Swalough,Female,Brazil,39
566,Si,Haselgrove,Male,Ecuador,42
567,Ivar,Eddow,Male,Philippines,19
568,Trent,Vanezis,Male,Kenya,58
569,Heddi,Spinks,Female,Philippines,54
570,Rosette,Branni,Female,Jamaica,47
571,Dolores,Beddow,Female,China,36
572,Cordula,Janousek,Agender,Brazil,21
573,Arlen,Womack,Male,Russia,39
574,Shauna,Maher,Female,Botswana,33
575,Adah,Clogg,Female,China,26
576,Meara,Raund,Female,Philippines,47
577,Alena,Toffel,Female,Portugal,39
578,Tanitansy,Netting,Female,Russia,50
579,Kaitlin,Izhakov,Female,Kenya,60
580,Sarina,Goodge,Female,Russia,38
581,Lawrence,Struthers,Male,Ukraine,54
582,Koralle,Middas,Female,Ukraine,48
583,Ursulina,Creasy,Female,Indonesia,44
584,Bevon,Feavers,Male,Russia,20
585,Fanchon,Fice,Female,China,65
586,Minni,Ortiga,Female,Western Sahara,18
587,Holly,Haverty,Male,Venezuela,34
588,Rosalind,Zannutti,Female,Indonesia,23
589,Joellen,Sonschein,Female,Serbia,24
590,Ddene,Franek,Female,Indonesia,30
591,Carolus,O' Connell,Male,Peru,65
592,Gerrilee,Lethieulier,Female,Tajikistan,21
593,Erik,Wanka,Male,China,44
594,Stanislaw,Jones,Male,Latvia,64
595,Fay,Phillipps,Female,Czech Republic,25
596,Lorrin,Helm,Bigender,Indonesia,54
597,Jennee,Ruecastle,Non-binary,Russia,60
598,Dru,Forson,Male,Gambia,61
599,Porter,Angus,Male,China,64
600,Sheryl,Standage,Female,United States,57
601,Adrian,Margaret,Male,Czech Republic,56
602,Aubrey,Grantham,Male,Philippines,30
603,Marcela,Buckthought,Female,Philippines,56
604,Cassie,Aspinwall,Male,Indonesia,63
605,Gerhardt,Allred,Male,Czech Republic,36
606,Margit,Steers,Female,Indonesia,54
607,Marion,Pothbury,Male,Somalia,47
608,Chloris,Piggen,Female,Philippines,24
609,Bastian,Stannard,Male,Serbia,55
610,Gage,Orpwood,Male,Mexico,62
611,Tedmund,Winthrop,Male,China,36
612,Foster,Goscar,Male,Myanmar,65
613,Andria,Vasyanin,Female,China,41
614,Josie,Forsdike,Female,China,64
615,Hana,Procter,Female,Peru,44
616,Morly,Roskilly,Male,Indonesia,38
617,Earle,Boylin,Male,Thailand,33
618,Zolly,Cutbirth,Male,South Africa,19
619,Callida,Vooght,Female,Brazil,57
620,Barbabas,Milroy,Male,Greece,61
621,Lilllie,Wormstone,Female,Netherlands,40
622,Zilvia,Duffyn,Female,China,61
623,Raimondo,Longhorn,Male,Portugal,33
624,Orelia,Duffie,Female,Poland,65
625,Farleigh,Syres,Male,China,51
626,Myrtle,Routley,Female,Indonesia,29
627,Zarah,Tabb,Female,Sweden,55
628,Darrell,Muselli,Male,Tanzania,48
629,Smitty,Marfield,Male,China,46
630,Saw,Meehan,Male,Russia,29
631,Bess,Jiroudek,Female,Bulgaria,37
632,Freedman,Croix,Male,Poland,33
633,Iolande,Dawber,Female,China,52
634,Irvin,Tarply,Male,United States,62
635,Beatrix,Seacroft,Female,Chad,59
636,Artur,Duddin,Male,Indonesia,46
637,Garrott,Grabert,Male,China,38
638,Shauna,Selliman,Female,Russia,44
639,Portie,Luker,Male,Peru,43
640,Wait,Jennings,Male,Finland,59
641,Niall,Pere,Male,Poland,30
642,Gayla,Lount,Female,Portugal,31
643,Harold,Lahiff,Male,Philippines,35
644,Frazer,Pershouse,Male,Czech Republic,40
645,Shalom,Woodrooffe,Male,Indonesia,55
646,Carlene,Eaglestone,Female,China,18
647,Dolf,Beed,Male,China,40
648,Walther,Gerrietz,Male,China,30
649,Elwin,McElwee,Male,Poland,65
650,Mario,Von Brook,Male,Philippines,30
651,Cassie,Samsin,Male,Philippines,64
652,Kaylyn,Leggen,Female,Serbia,34
653,Maxim,Angood,Male,Australia,55
654,Mitchel,Postins,Male,China,35
655,Margeaux,Halwill,Female,Sweden,27
656,Trina,Creffeild,Genderqueer,Russia,60
657,Mina,Haslen,Female,Poland,65
658,Irene,Pearmain,Female,Ecuador,29
659,Ron,Doonican,Male,Indonesia,60
660,Tymothy,Planque,Male,United States,58
661,Karilynn,MacDaid,Female,China,38
662,Angus,Dowden,Male,China,22
663,Blane,Undrell,Male,China,36
664,Zacharias,Boothman,Male,Cameroon,62
665,La verne,Wase,Female,Syria,43
666,Lauryn,Benkin,Female,Philippines,36
667,Lemmy,Meachen,Male,Russia,55
668,Corey,L'Episcopi,Male,China,40
669,Rollin,Trainer,Male,China,50
670,Welsh,Biers,Male,Venezuela,26
671,Bev,Sandlin,Female,Myanmar,32
672,Penelope,Blezard,Polygender,Namibia,36
673,Zachariah,Simonitto,Agender,Russia,28
674,Tobie,Simic,Male,Sweden,56
675,Merridie,Thorpe,Female,Armenia,19
676,Mendie,Braithwaite,Polygender,Bulgaria,25
677,Beniamino,Haking,Male,Mexico,43
678,Padriac,Wolfarth,Male,Canada,43
679,Frasco,Poland,Male,Philippines,55
680,Marchall,Hardstaff,Bigender,France,48
681,Magnum,Woolliams,Male,Philippines,60
682,Norina,Haycox,Female,Canada,34
683,Brandise,Courtin,Female,Thailand,62
684,George,Pocklington,Female,Indonesia,60
685,Mary,Tuvey,Female,Brazil,43
686,Whitby,Janaszewski,Male,China,52
687,Edithe,Linthead,Female,Brazil,57
688,Kliment,Dilland,Male,Peru,39
689,Rheta,Tapping,Female,Mexico,47
690,Indira,Newark,Female,China,42
691,Emily,Bunce,Female,Cameroon,56
692,Livia,Whaites,Female,Thailand,26
693,Kaylyn,Debell,Female,United States,31
694,Pat,Emptage,Male,Indonesia,58
695,Sharon,Dewey,Female,Greece,56
696,Jayme,Baldacchino,Female,Slovenia,25
697,Lilllie,Mattielli,Female,Mongolia,18
698,Brew,Roggeman,Male,Eritrea,19
699,Bernardine,Izhaky,Female,Indonesia,61
700,Dare,Spreadbury,Male,Portugal,47
701,Herve,Crystal,Male,Zimbabwe,40
702,Gordie,Axelbey,Male,Germany,26
703,Berta,Piola,Female,Sri Lanka,36
704,Herschel,Gaggen,Male,Afghanistan,24
705,Flossie,Thursfield,Female,Yemen,59
706,Fredek,Romney,Male,China,34
707,Orland,Watchorn,Male,Nigeria,26
708,Henriette,Portchmouth,Female,France,40
709,Christye,Llop,Female,China,51
710,Renaud,Deverson,Genderfluid,Poland,29
711,Amity,Schiell,Female,Sweden,22
712,Hastie,Thorndale,Male,Poland,47
713,Linoel,Lantiffe,Male,Argentina,36
714,Andie,Wix,Female,Hungary,32
715,Fonzie,Scrivner,Male,Thailand,58
716,Haily,Pelcheur,Female,Canada,25
717,Egor,Breckenridge,Male,Russia,20
718,Karen,Joyner,Female,Spain,35
719,Arturo,Killgus,Male,China,50
720,Marthena,Hunnicot,Female,Russia,57
721,Babita,Gobel,Female,Jordan,58
722,Averill,Leechman,Male,Russia,23
723,Allison,Dashper,Female,Papua New Guinea,52
724,Reeba,Emberson,Female,China,49
725,Shelia,Huckle,Female,Bulgaria,31
726,Eirena,Buckel,Female,France,30
727,Adlai,Scrivin,Male,Sweden,64
728,Meghann,Shoesmith,Female,Russia,47
729,Michelle,Winsper,Female,Brazil,32
730,Lillian,Lukianovich,Non-binary,Albania,64
731,Cyb,Wetherick,Female,Cuba,52
732,Tymon,Potteridge,Male,Russia,22
733,Doralynne,Durdle,Bigender,Serbia,56
734,Violante,McGonigal,Female,Ireland,49
735,Jon,Berisford,Male,Japan,22
736,Clerkclaude,Formie,Male,Ecuador,25
737,Lanny,Peaden,Male,Greece,59
738,Nevin,Greenhalf,Male,Brazil,45
739,Adore,Hucker,Polygender,Germany,56
740,Renaldo,Hubbis,Male,China,24
741,Arvin,Bess,Male,Indonesia,46
742,Jean,Cogdon,Female,Czech Republic,26
743,Ladonna,Yellep,Female,Democratic Republic of the Congo,26
744,Heida,Quadrio,Female,Russia,35
745,Melany,Gemeau,Female,China,40
746,Ondrea,Dungey,Female,Kosovo,36
747,Gabbie,Holson,Female,Cuba,59
748,Barris,Crump,Male,Iran,62
749,Lambert,Biesterfeld,Male,Uganda,62
750,Bald,Marlowe,Male,Colombia,45
751,Meghan,Jarlmann,Female,Philippines,55
752,Alastair,Gingle,Male,Nepal,43
753,Mohammed,Noads,Male,China,59
754,Lorianna,Walden,Non-binary,Portugal,52
755,Rudolf,Busher,Male,Canada,27
756,Rhianon,Dufaur,Female,China,55
757,Hastie,MacGiolla Pheadair,Non-binary,Costa Rica,48
758,Conni,Threadkell,Female,Eritrea,32
759,Shayla,Tocknell,Female,Israel,40
760,Geneva,Fadden,Female,Poland,34
761,Maddy,Le Pruvost,Male,China,54
762,Margareta,McVitty,Polygender,China,36
763,Mattheus,Tomala,Male,Israel,25
764,Vasily,Hitcham,Male,Philippines,49
765,Artemas,Paige,Male,Portugal,64
766,Netta,Wherrett,Female,Japan,27
767,Adoree,Sindall,Female,Portugal,21
768,Brandie,Baleine,Female,China,47
769,Allix,Levings,Female,Poland,45
770,Joli,Mitkin,Female,China,56
771,Belia,Karpenya,Female,China,53
772,Torin,Daniaud,Male,Portugal,26
773,Shannen,Issacov,Female,China,38
774,Libbi,Cicccitti,Female,United Kingdom,27
775,Friedrick,Vernon,Male,Poland,64
776,Hazlett,Chiene,Male,Saudi Arabia,26
777,Ernesto,Hostan,Male,Thailand,20
778,Mel,Robertsson,Non-binary,Brazil,60
779,Marty,Ameer-Beg,Female,Russia,23
780,Maggee,Laydon,Female,China,51
781,Maggee,Lintill,Female,Philippines,65
782,Gardy,Ewebank,Male,Indonesia,45
783,Maurita,Benkhe,Female,Thailand,62
784,Tomas,Alyukin,Genderqueer,Japan,29
785,Alisa,Spink,Female,Canada,34
786,Rudolfo,Dilnot,Male,East Timor,25
787,Irwin,Craigg,Male,China,36
788,Baldwin,Antonijevic,Male,Indonesia,33
789,Sheryl,Darwen,Female,China,38
790,Ethelda,Gallardo,Female,Russia,39
791,Huberto,Moreland,Male,Ukraine,37
792,Giordano,Otley,Male,Argentina,53
793,Rosamond,Whorton,Female,East Timor,24
794,Jarad,Eyeington,Male,Indonesia,36
795,Donnajean,Stert,Polygender,Colombia,62
796,Golda,Egell,Female,Philippines,34
797,Wolf,Stonelake,Male,Japan,57
798,Datha,Joslow,Female,Thailand,47
799,Carry,Marchiso,Female,China,49
800,Katalin,Mersh,Female,Japan,63
801,Gilly,Benzi,Female,Russia,61
802,Humphrey,Grahlmans,Male,Slovenia,20
803,Con,Lewing,Male,China,18
804,Bevon,Brigg,Male,Chile,64
805,Heinrick,Dauber,Male,United States,21
806,Wendie,Shank,Polygender,China,28
807,Branden,Odney,Agender,Philippines,60
808,Elenore,Dudley,Female,Russia,30
809,Bibbye,Knevett,Female,Portugal,64
810,Shaina,Dunbobbin,Female,Russia,42
811,Ashlin,Blackney,Male,Mexico,32
812,Eddi,MacKibbon,Female,Sweden,23
813,Vivie,Trowler,Female,Poland,61
814,Roxanna,Ferreres,Female,Brazil,32
815,Deny,O'Rudden,Female,South Korea,41
816,Rick,Bamell,Male,China,56
817,Stanford,Blincowe,Male,Indonesia,37
818,Eba,Santorini,Female,Indonesia,33
819,Rhys,Starton,Male,China,49
820,Cyrillus,Zukierman,Male,United States,20
821,Alane,Shadrack,Non-binary,Morocco,58
822,Caroljean,Giacomuzzo,Female,Russia,44
823,Georgianne,Kinrade,Female,Nepal,53
824,Nissa,Griswood,Female,Nigeria,46
825,Damian,Theseira,Male,Indonesia,39
826,Arne,O'Hollegan,Male,Indonesia,21
827,Angelica,MacKilroe,Female,Guatemala,35
828,Adey,Cust,Female,Brazil,56
829,Bobbette,Kingston,Genderfluid,Yemen,64
830,Care,Penrith,Male,Russia,47
831,Babette,Gannon,Female,Indonesia,51
832,Danya,Harbard,Male,China,26
833,Lon,Tanti,Male,Ivory Coast,37
834,Fayette,Deverale,Female,Sweden,35
835,Florette,Shalloe,Female,Philippines,57
836,Shel,Jeaycock,Female,France,26
837,Matthus,Roddan,Male,Nicaragua,38
838,Kincaid,Usmar,Male,Indonesia,30
839,Phylys,Scurfield,Female,Mexico,50
840,Hewitt,Postlethwaite,Genderfluid,Brazil,30
841,Walsh,Newby,Polygender,United States,22
842,Binny,Klemps,Female,Indonesia,44
843,Winnie,Robinet,Agender,United States,64
844,Margit,Chedgey,Female,Russia,56
845,Sissy,Pogson,Female,France,55
846,Dorri,Mattingley,Female,Indonesia,21
847,Harbert,Ickovits,Male,China,62
848,Leicester,Cavell,Male,China,64
849,Celesta,Gumn,Female,Angola,24
850,Xylia,McKeever,Female,Egypt,28
851,Sayers,Ilyinykh,Male,China,50
852,Armand,Razzell,Male,Libya,19
853,Gage,Extil,Male,China,40
854,Bartolomeo,Vampouille,Male,Indonesia,29
855,Rem,Kelland,Male,Kazakhstan,32
856,Rob,Dannohl,Male,Indonesia,37
857,Antonin,O'Lahy,Male,Ukraine,60
858,Bernette,Eronie,Female,China,49
859,Nikolia,Cookman,Female,Netherlands,56
860,Othello,Henrie,Male,China,36
861,Adolphus,Labusquiere,Male,Tanzania,48
862,Amerigo,Edwick,Male,Japan,44
863,Dianna,Bullent,Female,Japan,26
864,Marney,Marklow,Female,Sweden,46
865,Tiffani,Sollars,Female,Iran,56
866,Heath,Stribling,Female,Poland,21
867,Modesta,Clues,Female,France,52
868,Letitia,Antonik,Polygender,China,26
869,Jeno,Hamlyn,Male,Palestinian Territory,46
870,Mickie,McMakin,Bigender,Brazil,59
871,Gerhardt,De Michele,Male,Ukraine,64
872,Kennan,Grzegorecki,Male,Argentina,65
873,Artus,Malinowski,Male,China,61
874,Kathi,Dami,Female,Philippines,28
875,Welch,Geydon,Male,Saudi Arabia,30
876,Spence,Mattiato,Male,China,63
877,Honor,Pickerin,Female,Argentina,47
878,Raychel,Norgan,Female,China,61
879,Gabie,Malshinger,Male,China,28
880,Ashlin,Stops,Male,Indonesia,24
881,Osbert,Elsop,Male,Azerbaijan,59
882,Wildon,Boole,Male,China,57
883,Herve,Autie,Polygender,China,53
884,Llywellyn,Potticary,Male,Slovenia,61
885,Caroline,Videler,Female,Mongolia,52
886,Keely,Aguirrezabal,Female,Colombia,56
887,Heath,Stiegars,Female,China,60
888,Diahann,Hasnney,Female,Kazakhstan,44
889,Hollie,Snashall,Female,Brazil,36
890,Robinet,Blackshaw,Female,Colombia,54
891,Cinderella,Bichener,Female,Indonesia,60
892,Nichole,O'Corren,Male,United States,60
893,Paddie,Clue,Male,Indonesia,38
894,Chrystal,Silcocks,Female,Czech Republic,51
895,Kariotta,Kimbrey,Female,Bahamas,21
896,Clarinda,Norledge,Female,China,45
897,Haskel,Wheelband,Genderfluid,China,65
898,Hilliard,Fobidge,Male,United States,40
899,Ambros,Middell,Male,Russia,57
900,Sharleen,Seiffert,Agender,Indonesia,27
901,Burnaby,Gabites,Male,Japan,59
902,Keene,Bordis,Male,China,44
903,Kaitlyn,Mathie,Female,China,41
904,Keith,Fideler,Male,Czech Republic,42
905,Carroll,Slate,Female,China,20
906,Corilla,Maffetti,Agender,China,30
907,Nari,Rouchy,Female,China,42
908,Sheilakathryn,Edeler,Female,Dominican Republic,43
909,Mina,Backson,Female,Portugal,35
910,Keary,O' Mara,Male,Czech Republic,44
911,Olin,Orrow,Male,Sweden,32
912,Sindee,Laugier,Female,Luxembourg,45
913,Cristen,Leitche,Female,Vietnam,18
914,Penelopa,Giamelli,Female,Peru,58
915,Alejandra,O'Kielt,Female,Indonesia,30
916,Cinda,Mashal,Genderfluid,Philippines,38
917,Rois,Siebert,Female,Indonesia,18
918,Lilly,Lambal,Agender,China,44
919,Abdul,Pickavance,Male,Colombia,62
920,Viv,Baudains,Female,Philippines,36
921,Gradey,Cromly,Male,China,64
922,Andrej,Attenbrow,Male,China,55
923,Monti,Grestye,Male,Philippines,31
924,Rosco,Delhay,Male,Russia,32
925,Zeb,Applewhite,Male,China,35
926,Marcile,Jacquet,Female,United States,45
927,Orsa,MacCardle,Female,Armenia,43
928,Clotilda,Barneveld,Female,United States,55
929,Yorke,Glass,Male,China,62
930,Cherry,Orring,Female,Finland,65
931,Peadar,Edgcombe,Male,Sweden,21
932,Loralie,Byrd,Female,Indonesia,57
933,Geri,Twining,Male,China,34
934,Heddi,Aggis,Female,Philippines,26
935,Murray,Charnock,Male,Mexico,32
936,Theadora,Tibbits,Female,United States,29
937,Gregoor,Morris,Male,China,65
938,Christophorus,Burroughes,Male,Tanzania,44
939,Haily,Schwier,Female,China,44
940,Patrica,Antonignetti,Female,Philippines,35
941,Maxim,Shemmans,Male,Morocco,51
942,Marjy,Sayce,Female,Philippines,49
943,Jerrie,Fryers,Female,Indonesia,26
944,Lacie,Makinson,Female,Thailand,50
945,Angelo,Beaulieu,Male,France,38
946,Reuven,Winham,Male,Bosnia and Herzegovina,59
947,Angy,Phillimore,Female,Indonesia,22
948,Valli,Blonfield,Female,Indonesia,58
949,Karlik,Lumsdall,Male,Russia,27
950,Junina,Brayn,Genderfluid,China,30
951,Dniren,Arminger,Female,Indonesia,34
952,Reggi,Vosper,Female,China,53
953,Branden,Bedells,Male,Indonesia,63
954,Katya,Terram,Non-binary,Russia,61
955,Xever,Ireson,Male,Philippines,30
956,Redford,Stroud,Male,Mauritius,40
957,Kahlil,Southerell,Male,Greece,33
958,Winonah,Livard,Female,China,44
959,Rosa,Morde,Female,Gambia,48
960,Alysa,Poser,Female,Namibia,31
961,Leoine,Bedder,Female,South Korea,41
962,Drusie,Kegg,Genderfluid,China,18
963,Emelyne,Paddon,Female,Russia,21
964,Demetre,Branchflower,Male,Indonesia,63
965,Elbert,Sancto,Male,Bulgaria,64
966,Natka,Dalgarnocht,Genderqueer,Canada,39
967,Codie,Lude,Female,Greece,38
968,Elfie,Dyer,Female,Philippines,56
969,Bent,Cressar,Male,China,38
970,Nanine,McCrachen,Female,Philippines,23
971,Cristy,Strowthers,Female,Russia,52
972,Bernhard,Bellee,Male,United States,26
973,Deidre,Rubinfajn,Female,Greece,64
974,Wilone,Eaden,Bigender,Egypt,21
975,Mariel,Dalliston,Female,France,19
976,Kimmi,Brosenius,Female,Russia,45
977,Leslie,Canedo,Male,Portugal,53
978,Reinhard,Renowden,Male,France,55
979,Miranda,Kunert,Female,Thailand,47
980,Imojean,Tippett,Female,Indonesia,35
981,Francine,Bettanay,Female,France,64
982,Warner,Wiltshaw,Male,China,41
983,Ade,Staker,Male,Sweden,19
984,Torre,Lyddyard,Male,France,38
985,Edouard,Hartright,Male,Senegal,55
986,Ophelie,McCrostie,Female,Indonesia,57
987,Dame,Grafom,Male,Sweden,40
988,Patin,Burkin,Male,Sri Lanka,54
989,Kristel,Lambourne,Female,Philippines,63
990,Zachary,Bartolini,Male,Poland,56
991,Avril,Born,Female,Russia,29
992,Archambault,Mc Ilwrick,Male,Indonesia,35
993,Jamison,Miles,Male,Portugal,36
994,Hodge,Tiptaft,Polygender,Peru,55
995,Kathlin,Billson,Female,North Korea,37
996,Aymer,Mangam,Male,Poland,36
997,Daile,McGookin,Female,South Africa,47
998,Cosimo,Arnaudot,Male,Argentina,36
999,Englebert,Mowlam,Male,Georgia,22
1000,Fannie,Storr,Non-binary,Mexico,28
